{
	"areas": [[{
		"x": 100.000000,
		"y": 300.000000
	}, {
		"x": 700.000000,
		"y": 300.000000
	}, {
		"x": 700.000000,
		"y": 550.000000
	}, {
		"x": 100.000000,
		"y": 550.000000
	}]]
}