{
	"areas": [[{
		"x": 8.000000,
		"y": 705.000000
	}, {
		"x": 40.000000,
		"y": 423.000000
	}, {
		"x": 1105.000000,
		"y": 433.000000
	}, {
		"x": 1187.000000,
		"y": 702.000000
	}]]
}